week,home,away,away_score,home_score
1,Philadelphia Eagles,Atlanta Falcons,12,18
1,New England Patriots,Houston Texans,20,27
1,New Orleans Saints,Tampa Bay Buccaneers,48,40
1,Minnesota Vikings,San Francisco 49ers,16,24
1,Miami Dolphins,Tennessee Titans,20,27
1,Indianapolis Colts,Cincinnati Bengals,34,23
1,Cleveland Browns,Pittsburgh Steelers,21,21
1,Baltimore Ravens,Buffalo Bills,3,47
1,New York Giants,Jacksonville Jaguars,20,15
1,Los Angeles Chargers,Kansas City Chiefs,38,28
1,Denver Broncos,Seattle Seahawks,24,27
1,Arizona Cardinals,Washington Redskins,24,6
1,Carolina Panthers,Dallas Cowboys,8,16
1,Green Bay Packers,Chicago Bears,23,24
1,Detroit Lions,New York Jets,48,17
1,Oakland Raiders,Los Angeles Rams,33,13
2,Cincinnati Bengals,Baltimore Ravens,23,34
2,Pittsburgh Steelers,Kansas City Chiefs,42,37
2,Tennessee Titans,Houston Texans,17,20
2,New York Jets,Miami Dolphins,20,12
2,New Orleans Saints,Cleveland Browns,18,21
2,Green Bay Packers,Minnesota Vikings,29,29
2,Washington Redskins,Indianapolis Colts,21,9
2,Tampa Bay Buccaneers,Philadelphia Eagles,21,27
2,Buffalo Bills,Los Angeles Chargers,31,20
2,Atlanta Falcons,Carolina Panthers,24,31
2,San Francisco 49ers,Detroit Lions,27,30
2,Los Angeles Rams,Arizona Cardinals,0,34
2,Jacksonville Jaguars,New England Patriots,20,31
2,Denver Broncos,Oakland Raiders,19,20
2,Dallas Cowboys,New York Giants,13,20
2,Chicago Bears,Seattle Seahawks,17,24
3,Cleveland Browns,New York Jets,17,21
3,Philadelphia Eagles,Indianapolis Colts,16,20
3,Minnesota Vikings,Buffalo Bills,27,6
3,Miami Dolphins,Oakland Raiders,20,28
3,Kansas City Chiefs,San Francisco 49ers,27,38
3,Jacksonville Jaguars,Tennessee Titans,9,6
3,Houston Texans,New York Giants,27,22
3,Washington Redskins,Green Bay Packers,17,31
3,Carolina Panthers,Cincinnati Bengals,21,31
3,Baltimore Ravens,Denver Broncos,14,27
3,Atlanta Falcons,New Orleans Saints,43,37
3,Los Angeles Rams,Los Angeles Chargers,23,35
3,Arizona Cardinals,Chicago Bears,16,14
3,Seattle Seahawks,Dallas Cowboys,13,24
3,Detroit Lions,New England Patriots,10,26
3,Tampa Bay Buccaneers,Pittsburgh Steelers,30,27
4,Los Angeles Rams,Minnesota Vikings,31,38
4,Tennessee Titans,Philadelphia Eagles,23,26
4,New England Patriots,Miami Dolphins,7,38
4,Jacksonville Jaguars,New York Jets,12,31
4,Green Bay Packers,Buffalo Bills,0,22
4,Dallas Cowboys,Detroit Lions,24,26
4,Indianapolis Colts,Houston Texans,37,34
4,Chicago Bears,Tampa Bay Buccaneers,10,48
4,Atlanta Falcons,Cincinnati Bengals,37,36
4,Arizona Cardinals,Seattle Seahawks,20,17
4,Oakland Raiders,Cleveland Browns,42,45
4,New York Giants,New Orleans Saints,33,18
4,Los Angeles Chargers,San Francisco 49ers,27,29
4,Pittsburgh Steelers,Baltimore Ravens,26,14
4,Denver Broncos,Kansas City Chiefs,27,23
5,New England Patriots,Indianapolis Colts,24,38
5,Pittsburgh Steelers,Atlanta Falcons,17,41
5,New York Jets,Denver Broncos,16,34
5,Kansas City Chiefs,Jacksonville Jaguars,14,30
5,Detroit Lions,Green Bay Packers,23,31
5,Cleveland Browns,Baltimore Ravens,9,12
5,Cincinnati Bengals,Miami Dolphins,17,27
5,Carolina Panthers,New York Giants,31,33
5,Buffalo Bills,Tennessee Titans,12,13
5,Los Angeles Chargers,Oakland Raiders,10,26
5,Philadelphia Eagles,Minnesota Vikings,23,21
5,San Francisco 49ers,Arizona Cardinals,28,18
5,Seattle Seahawks,Los Angeles Rams,33,31
5,Houston Texans,Dallas Cowboys,16,19
5,New Orleans Saints,Washington Redskins,19,43
6,New York Giants,Philadelphia Eagles,34,13
6,New York Jets,Indianapolis Colts,34,42
6,Minnesota Vikings,Arizona Cardinals,17,27
6,Miami Dolphins,Chicago Bears,28,31
6,Houston Texans,Buffalo Bills,13,20
6,Cleveland Browns,Los Angeles Chargers,38,14
6,Washington Redskins,Carolina Panthers,17,23
6,Cincinnati Bengals,Pittsburgh Steelers,28,21
6,Oakland Raiders,Seattle Seahawks,27,3
6,Atlanta Falcons,Tampa Bay Buccaneers,29,34
6,Denver Broncos,Los Angeles Rams,23,20
6,Dallas Cowboys,Jacksonville Jaguars,7,40
6,Tennessee Titans,Baltimore Ravens,21,0
6,New England Patriots,Kansas City Chiefs,40,43
6,Green Bay Packers,San Francisco 49ers,30,33
7,Arizona Cardinals,Denver Broncos,45,10
7,Los Angeles Chargers,Tennessee Titans,19,20
7,Philadelphia Eagles,Carolina Panthers,21,17
7,New York Jets,Minnesota Vikings,37,17
7,Miami Dolphins,Detroit Lions,32,21
7,Jacksonville Jaguars,Houston Texans,20,7
7,Indianapolis Colts,Buffalo Bills,5,37
7,Chicago Bears,New England Patriots,38,31
7,Tampa Bay Buccaneers,Cleveland Browns,23,26
7,Baltimore Ravens,New Orleans Saints,24,23
7,San Francisco 49ers,Los Angeles Rams,39,10
7,Washington Redskins,Dallas Cowboys,17,20
7,Kansas City Chiefs,Cincinnati Bengals,10,45
7,Atlanta Falcons,New York Giants,20,23
8,Houston Texans,Miami Dolphins,23,42
8,Jacksonville Jaguars,Philadelphia Eagles,24,18
8,Pittsburgh Steelers,Cleveland Browns,18,33
8,New York Giants,Washington Redskins,20,13
8,Kansas City Chiefs,Denver Broncos,23,30
8,Detroit Lions,Seattle Seahawks,28,14
8,Cincinnati Bengals,Tampa Bay Buccaneers,34,37
8,Chicago Bears,New York Jets,10,24
8,Carolina Panthers,Baltimore Ravens,21,36
8,Oakland Raiders,Indianapolis Colts,42,28
8,Arizona Cardinals,San Francisco 49ers,15,18
8,Los Angeles Rams,Green Bay Packers,27,29
8,Minnesota Vikings,New Orleans Saints,30,20
8,Buffalo Bills,New England Patriots,25,6
9,San Francisco 49ers,Oakland Raiders,,
9,Carolina Panthers,Tampa Bay Buccaneers,,
9,Buffalo Bills,Chicago Bears,,
9,Washington Redskins,Atlanta Falcons,,
9,Baltimore Ravens,Pittsburgh Steelers,,
9,Minnesota Vikings,Detroit Lions,,
9,Miami Dolphins,New York Jets,,
9,Cleveland Browns,Kansas City Chiefs,,
9,Seattle Seahawks,Los Angeles Chargers,,
9,Denver Broncos,Houston Texans,,
9,New Orleans Saints,Los Angeles Rams,,
9,New England Patriots,Green Bay Packers,,
9,Dallas Cowboys,Tennessee Titans,,
10,Pittsburgh Steelers,Carolina Panthers,,
10,Cincinnati Bengals,New Orleans Saints,,
10,Tampa Bay Buccaneers,Washington Redskins,,
10,Chicago Bears,Detroit Lions,,
10,Tennessee Titans,New England Patriots,,
10,New York Jets,Buffalo Bills,,
10,Kansas City Chiefs,Arizona Cardinals,,
10,Indianapolis Colts,Jacksonville Jaguars,,
10,Cleveland Browns,Atlanta Falcons,,
10,Oakland Raiders,Los Angeles Chargers,,
10,Los Angeles Rams,Seattle Seahawks,,
10,Green Bay Packers,Miami Dolphins,,
10,Philadelphia Eagles,Dallas Cowboys,,
10,San Francisco 49ers,New York Giants,,
11,Seattle Seahawks,Green Bay Packers,,
11,Chicago Bears,Minnesota Vikings,,
11,Atlanta Falcons,Dallas Cowboys,,
11,Washington Redskins,Houston Texans,,
11,Baltimore Ravens,Cincinnati Bengals,,
11,New York Giants,Tampa Bay Buccaneers,,
11,New Orleans Saints,Philadelphia Eagles,,
11,Detroit Lions,Carolina Panthers,,
11,Indianapolis Colts,Tennessee Titans,,
11,Los Angeles Chargers,Denver Broncos,,
11,Arizona Cardinals,Oakland Raiders,,
11,Jacksonville Jaguars,Pittsburgh Steelers,,
11,Los Angeles Rams,Kansas City Chiefs,,
12,Detroit Lions,Chicago Bears,,
12,Dallas Cowboys,Washington Redskins,,
12,New Orleans Saints,Atlanta Falcons,,
12,Baltimore Ravens,Oakland Raiders,,
12,Philadelphia Eagles,New York Giants,,
12,New York Jets,New England Patriots,,
12,Indianapolis Colts,Miami Dolphins,,
12,Cincinnati Bengals,Cleveland Browns,,
12,Carolina Panthers,Seattle Seahawks,,
12,Buffalo Bills,Jacksonville Jaguars,,
12,Tampa Bay Buccaneers,San Francisco 49ers,,
12,Los Angeles Chargers,Arizona Cardinals,,
12,Denver Broncos,Pittsburgh Steelers,,
12,Minnesota Vikings,Green Bay Packers,,
12,Houston Texans,Tennessee Titans,,
13,Dallas Cowboys,New Orleans Saints,,
13,Cincinnati Bengals,Denver Broncos,,
13,Atlanta Falcons,Baltimore Ravens,,
13,Pittsburgh Steelers,Los Angeles Chargers,,
13,New York Giants,Chicago Bears,,
13,Miami Dolphins,Buffalo Bills,,
13,Jacksonville Jaguars,Indianapolis Colts,,
13,Houston Texans,Cleveland Browns,,
13,Green Bay Packers,Arizona Cardinals,,
13,Tampa Bay Buccaneers,Carolina Panthers,,
13,Detroit Lions,Los Angeles Rams,,
13,Oakland Raiders,Kansas City Chiefs,,
13,Tennessee Titans,New York Jets,,
13,New England Patriots,Minnesota Vikings,,
13,Seattle Seahawks,San Francisco 49ers,,
13,Philadelphia Eagles,Washington Redskins,,
14,Tennessee Titans,Jacksonville Jaguars,,
14,Chicago Bears,Los Angeles Rams,,
14,Buffalo Bills,New York Jets,,
14,Miami Dolphins,New England Patriots,,
14,Kansas City Chiefs,Baltimore Ravens,,
14,Houston Texans,Indianapolis Colts,,
14,Green Bay Packers,Atlanta Falcons,,
14,Washington Redskins,New York Giants,,
14,Cleveland Browns,Carolina Panthers,,
14,Tampa Bay Buccaneers,New Orleans Saints,,
14,San Francisco 49ers,Denver Broncos,,
14,Los Angeles Chargers,Cincinnati Bengals,,
14,Dallas Cowboys,Philadelphia Eagles,,
14,Arizona Cardinals,Detroit Lions,,
14,Oakland Raiders,Pittsburgh Steelers,,
14,Seattle Seahawks,Minnesota Vikings,,
15,Kansas City Chiefs,Los Angeles Chargers,,
15,New York Jets,Houston Texans,,
15,Denver Broncos,Cleveland Browns,,
15,New York Giants,Tennessee Titans,,
15,Minnesota Vikings,Miami Dolphins,,
15,Jacksonville Jaguars,Washington Redskins,,
15,Indianapolis Colts,Dallas Cowboys,,
15,Cincinnati Bengals,Oakland Raiders,,
15,Chicago Bears,Green Bay Packers,,
15,Buffalo Bills,Detroit Lions,,
15,Atlanta Falcons,Arizona Cardinals,,
15,Baltimore Ravens,Tampa Bay Buccaneers,,
15,San Francisco 49ers,Seattle Seahawks,,
15,Pittsburgh Steelers,New England Patriots,,
15,Los Angeles Rams,Philadelphia Eagles,,
15,Carolina Panthers,New Orleans Saints,,
16,Indianapolis Colts,New York Giants,,
16,Cleveland Browns,Cincinnati Bengals,,
16,Philadelphia Eagles,Houston Texans,,
16,Carolina Panthers,Atlanta Falcons,,
16,Tennessee Titans,Washington Redskins,,
16,New York Jets,Green Bay Packers,,
16,New England Patriots,Buffalo Bills,,
16,Miami Dolphins,Jacksonville Jaguars,,
16,Detroit Lions,Minnesota Vikings,,
16,Dallas Cowboys,Tampa Bay Buccaneers,,
16,Los Angeles Chargers,Baltimore Ravens,,
16,San Francisco 49ers,Chicago Bears,,
16,Arizona Cardinals,Los Angeles Rams,,
16,New Orleans Saints,Pittsburgh Steelers,,
16,Seattle Seahawks,Kansas City Chiefs,,
16,Oakland Raiders,Denver Broncos,,
17,Green Bay Packers,Detroit Lions,,
17,Baltimore Ravens,Cleveland Browns,,
17,Buffalo Bills,Miami Dolphins,,
17,Pittsburgh Steelers,Cincinnati Bengals,,
17,Tennessee Titans,Indianapolis Colts,,
17,New York Giants,Dallas Cowboys,,
17,New England Patriots,New York Jets,,
17,New Orleans Saints,Carolina Panthers,,
17,Minnesota Vikings,Chicago Bears,,
17,Washington Redskins,Philadelphia Eagles,,
17,Kansas City Chiefs,Oakland Raiders,,
17,Tampa Bay Buccaneers,Atlanta Falcons,,
17,Houston Texans,Jacksonville Jaguars,,
17,Denver Broncos,Los Angeles Chargers,,
17,Los Angeles Rams,San Francisco 49ers,,
17,Seattle Seahawks,Arizona Cardinals,,
